date,longitude,latitude,size
2024-07-19,55.01121214404702,59.851349303964525,16.41302049876085
2024-09-05,89.68848036974669,77.65854934765957,5.6480132341034235
2023-11-26,129.9896500967443,54.31452104286291,1.2742175110538252
2023-06-14,109.96653736941516,74.71687787817791,8.438019771175068
2023-12-12,134.35415083542466,74.82093919068575,12.791746443194032
2024-07-30,68.15580845065415,57.863953542662784,7.731818777810549
2024-04-01,80.79152544401586,57.64517749962397,2.0278893798051643
2023-09-26,123.77455257438123,68.46614018175751,-2.374781396812022
2024-03-25,140.02878018468618,77.32836562395096,-0.21427471777090368
2024-01-15,81.36992856487632,68.92193950689398,5.784174533347239
2024-01-30,53.10486329905689,63.169369015842676,10.768959624436118
2023-06-14,140.3110144995153,48.10004491987638,18.385729125259793
2024-06-08,66.05501047708094,67.12340201833285,1.5597823655494807
2023-10-31,57.3440581522882,43.720639577833936,4.391804408553764
2023-08-29,105.56710647046566,62.43271869770251,13.067688340081144
2023-08-30,81.27690302580595,72.31983708660118,6.015955040157621
2024-02-11,99.45775202848017,72.90989095554687,0.580992783653473
2023-12-14,122.99713779240847,44.586843388853595,10.713331316918522
2023-08-30,59.06606852076948,60.141759269172326,23.690370574229753
2024-08-14,114.1618213634938,62.527539666276425,21.474469360873773
2024-05-13,136.47957264631987,53.079967114608735,6.544707721428374
2023-10-15,77.44369992986321,66.55088811158203,6.7288260258299175
2024-09-19,74.947779500857,72.16934267710894,6.388991239462937
2024-05-20,67.03032225184143,71.25669028540142,-2.347144442230242
2024-04-23,59.30344492942095,46.776210410986096,13.526520874670421
2023-06-26,102.0545073132962,65.57994535169564,12.377623104803066
2023-06-07,96.10566054098308,74.72341147600673,9.989859641469772
2024-07-30,96.49772784672678,51.504775662207976,6.984845613305335
2023-10-15,131.17669949494302,71.71908884705044,-3.9492534335101546
2024-02-09,56.22998366318643,76.35895111132413,11.479511903255874
2023-12-28,70.92945559322834,46.87238140194677,11.470114388208847
2024-07-24,98.21274024620652,81.3169662617147,1.8234926874376969
2023-08-17,73.79791023209691,72.65834795939736,16.370597744159546
2023-08-20,103.63833894766867,75.24646862968802,12.154937816297435
2023-07-13,95.43869620934129,49.7866266600322,8.886409509724421
2024-05-24,103.10303660854697,43.06471987674013,0.6945935789524871
2024-06-07,65.68540372885764,77.41507398150861,10.938758964069223
2024-04-27,65.8223711065948,79.68637448106892,-5.039051406731417
2023-10-21,89.28091394342482,47.64274750347249,8.999109955165537
2023-07-02,113.10490485653281,61.58359349751845,10.773362689032249
2023-09-17,110.50164819695055,60.98142151138745,4.052878698016795
2024-02-18,133.60679730772972,70.70732305478305,10.184754157285804
2024-06-27,124.55395565927029,44.68857094831765,0.0927930205856704
2024-07-29,112.47832010872662,72.05463972641155,-0.08118971944918041
2024-04-25,124.05992161855102,58.23319520428777,9.649552239629156
2023-06-23,64.26966892555356,60.921001637587324,4.448745805532653
2024-07-15,75.06851099058986,71.7372738935519,9.530904478126947
2024-08-17,82.17613526061177,61.27010852796957,-2.291095556761464
2024-04-04,88.83969751559198,82.98048307816498,-4.5745944074252485
2023-10-13,108.91234677284956,76.68336746096611,4.8388343555253375
2024-04-04,124.1578599512577,75.95649945456535,2.1067656237335175
2024-07-15,75.7745057195425,73.22741811675951,13.95105883784953
2024-01-10,125.11310831084847,46.596366164274514,9.782838105241598
2023-11-13,54.36203486844897,76.39805779140443,6.990102120934446
2024-01-03,110.58726746030152,75.36787148960866,3.367004139389202
2024-03-16,124.43132341653109,82.64789996272884,18.536401043326173
2024-09-19,93.6004655584693,43.98089551739395,9.878598428785494
2023-08-08,70.90070494450629,72.61830441025086,18.718964296846945
2023-08-11,54.65160311199725,59.19185438519344,14.206202908430354
2023-08-15,77.91567735560238,65.86789978481829,12.154099337320464
2023-08-02,133.54399105533957,76.060096551897,4.170095806972556
2023-10-19,135.1652938053012,42.5547557217069,20.863947883057676
2023-12-27,100.74278200790286,42.47239228989929,11.781839480761978
2024-05-18,72.30918404646218,82.85427399841137,3.189278894377579
2024-05-12,96.06964675337076,73.39327635033987,5.032576021485388
2023-10-31,123.5010887812823,54.90116703649983,20.074231257790977
2024-03-20,88.87149788439274,75.2924815188162,14.041056814992103
2024-03-03,62.12661788612604,82.63998791435733,0.627758022255132
2024-09-05,77.68973537907004,50.23114331020042,-4.828847360934397
2023-07-11,84.80902741104364,68.48752603051253,15.048388688069611
2024-08-04,75.81354601308703,59.939579885220155,3.6147662583457802
2023-08-29,94.42000135406852,80.45915872277692,4.556573251648702
2024-04-11,85.19440164603293,82.50813552108593,-3.7369008302921127
2024-01-09,63.671940775588155,60.70910200080834,17.962418201272506
2023-06-16,57.135443886741996,51.45521267107688,6.796031561078383
2023-09-24,76.12607476860285,70.51506000920199,-2.359468766206925
2023-09-02,138.24042278155684,64.82192612905055,15.075952109129322
2024-02-17,95.98760244809091,65.97311366908252,7.549406346298191
2024-01-21,95.04833861626685,59.778881123289466,1.7814086200478574
2024-08-29,118.89377354085445,59.47317716339603,0.15655138923224232
2023-08-25,111.75234035588801,66.47103021410294,8.177874370589926
2024-05-07,57.34857251495123,60.53550897957757,15.241174633210042
2023-07-09,114.16926150768995,81.2209550049156,6.316441285933272
2023-11-06,84.96701787225902,76.62164435000159,3.227388727880003
2024-01-26,130.80375744961202,51.13351270905696,14.442923742271265
2023-12-26,121.22615620866418,59.226977257290855,13.9095699382468
2024-06-08,65.24992043711245,59.2193003569264,14.996083569274862
2024-04-01,78.96081586927176,42.852424804121256,9.349755366953072
2023-07-04,64.09528511762619,57.59836675110273,2.2374000706579213
2023-06-04,104.9113428927958,59.316285531036556,10.164873498325743
2023-06-13,102.42745357938111,49.84846860030666,4.786754031112952
2023-08-08,113.60745857097208,70.91850055148825,-7.958639969575994
2024-06-17,80.39183119498193,42.55433948501013,9.61264890685411
2024-01-29,106.29164204932749,71.97932733641937,12.953255000034687
2024-07-13,140.21102006547153,59.7416880170349,10.02986583575142
2024-04-03,118.40203253738582,71.9808438133914,8.816843382220123
2024-03-04,59.675427470356226,42.571603652089834,7.925804312345547
2023-08-28,92.70286376401782,43.85784564772621,10.62007220951683
2024-07-20,57.7112502399832,59.15498943417333,3.08286602775185
2023-06-25,82.88088523596525,68.39744008728303,-0.9631679888634039
2024-09-13,117.5877890959382,51.01154520944692,8.315865424695737
2024-03-17,53.361410761252046,76.17114876606502,2.684380937418082
2024-07-28,120.92803444340825,70.48545985529199,10.94324943767241
2024-06-02,93.74181858636439,78.86410389351659,-1.213823314282699
2024-03-12,116.4339508023113,58.98385169683024,17.165197463329477
2024-06-30,111.65250311419368,58.85119283362292,15.989418523239163
2023-11-06,103.34248741529882,52.25061456556432,1.442572282416183
2023-09-29,114.93553960509598,57.324448600644246,16.014468934629495
2023-09-18,110.83545332215726,51.50760203949176,-1.2069746282829321
2023-11-05,78.46298876404762,80.19572975044139,5.435715201376303
2023-08-03,61.55707209929824,61.530134961241856,6.968958815149826
2024-09-25,137.69307625479996,43.95426512253471,13.076568806397884
2024-07-02,117.79739456251264,73.71477329637855,11.17648439253405
2024-09-19,106.9196652341634,55.575810506241396,-1.5250435291119118
2024-09-22,63.553741512820125,64.66793529503047,3.215446508252337
2023-12-16,101.42279609106481,69.72955168574117,6.3252448089802655
2023-08-06,76.12255244702101,53.37070920621045,10.886022069794508
2023-10-29,132.0557531453669,44.16708281310275,15.043949937395478
2024-06-12,53.807835230603814,59.456101931864396,3.6924429911815064
2024-04-30,73.7886743620038,67.01485776319169,10.045396728167976
2023-08-24,64.44392438977957,82.01788743771613,8.580187114316825
2023-11-12,81.70851691067219,81.76180492900312,6.122430483452227
2023-10-14,116.92310216836631,45.62786685116589,7.060753729238033
2023-07-21,140.27358071506023,62.43358152755536,3.406965431675207
2023-08-13,115.93175044283271,58.22326407907531,6.990664203742002
2023-11-25,97.39070336706936,58.003609092440456,16.9946041262806
2024-05-27,91.37219512090087,55.05847912491299,-6.942148984395493
2024-01-22,136.49662205390632,69.98557722358964,5.62831259967521
2023-09-06,63.575970912352204,53.66921121068299,1.0077333176747665
2024-04-25,59.612775541841984,57.99388328380883,12.429863195039633
2023-12-31,131.23389136604965,82.59691097214818,10.83255882322147
2023-10-05,90.35178436525166,74.47223499114625,-6.432164501633171
2024-09-02,56.72773973271251,54.80861121346243,7.063182660143042
2023-12-29,109.97490864060819,75.50182694592513,23.079404923350385
2023-11-21,94.23848629556596,51.05730066052638,8.181060447992122
2024-02-28,107.37749885208905,62.544026631629094,15.2273437326979
2024-08-19,76.83175806328654,48.845864148810506,9.171390631196996
2024-03-28,66.84198522567749,46.90602697408758,15.778610219826449
2024-04-05,63.054375778883696,78.80200867727399,4.565792607516141
2024-07-23,97.67609195783734,45.84231002512388,9.935453024697356
2024-01-18,101.22684130072594,77.46740082325414,6.974354084674693
2024-05-31,65.37686467170715,53.34025001223199,10.222582799449674
2024-01-29,67.93967640772462,43.11863140203059,-6.02548339369827
2024-05-15,120.05470843799412,74.2827834978234,-0.1650035457353498
2024-04-30,99.4107547737658,56.705072291661054,6.5103515732049555
2024-03-06,128.76706346683204,43.029221596429124,5.012509574254302
2023-09-21,112.27283893339336,72.58983751642518,13.21728574246428
2024-09-13,54.14761061221361,43.21464866329916,5.698905297146274
2023-09-15,114.00150332041085,59.78845807071775,7.435867576429967
2024-06-25,131.4708084296435,52.52170015289448,13.614752861500708
2024-09-19,108.60281542874873,62.418624059995636,11.554038965506454
2024-09-05,62.44192963466048,68.78756445366889,5.835011681285046
2023-10-29,134.05373793840408,45.429932312108576,11.423454834660255
2023-11-01,112.43188954144716,49.399370931321755,7.982101140780135
2023-09-10,66.07624670863152,46.2829625653103,10.23541564151281
2024-02-10,118.59008212201297,75.3081123365555,12.507192362747542
2023-11-07,135.9486998450011,67.7276001072023,3.3436561523802
2024-06-25,90.028937054798,67.85347192478366,-1.9307263749392156
2023-11-02,79.19963087886572,58.026483858702704,13.305044279083038
2024-07-30,75.82954697310925,59.72239652532153,-2.0668507851359
2023-06-05,72.61355588771403,56.29399409284815,8.714713541677966
2024-04-21,102.77758222445846,74.53586810571142,5.029571794629849
2024-02-27,119.58521168865263,78.36438059504144,12.004788790173635
2024-03-06,111.92511204071343,68.69621055549942,21.036643025136033
2024-03-14,101.09400589764118,66.30739383469336,3.528780646630601
2024-03-03,124.40880188345909,55.44070584792644,6.7553140051828855
2023-07-25,119.8066785801202,45.10326408594847,9.116375600769489
2024-04-26,54.76602502539754,66.24687692523003,2.432556262510496
2024-07-24,86.51952561177313,49.31180730438791,5.017665939910983
2024-01-24,57.477449998259544,72.39535508910194,-0.21678988063584814
2024-02-07,123.21545848064125,54.04892453341745,-2.5273673272124064
2024-05-04,134.28553076088428,68.20661823847331,1.8577365160888508
2024-09-15,100.74865660071373,47.11771828727797,8.839395969843574
2023-07-09,128.00808481499553,52.46589713380672,7.41800497212422
2024-04-05,104.35353196971118,75.64356218045577,1.7527313684895285
2024-09-16,111.81248062849045,74.95499611203559,4.6988874745057725
2023-10-15,97.9956844933331,43.879219859838486,4.524788576131957
2024-08-28,120.12205185741186,77.89680059626698,3.5377713986691903
2024-01-12,132.49588133580983,47.24837268865667,1.2388731273560403
2023-07-18,125.20175707153976,66.96208754531108,9.429119828731075
2023-08-16,59.28600276634097,61.252241804264486,10.77088126321853
2023-08-22,53.3428781889379,64.8489345095586,3.6834142609618548
2023-12-01,57.593478195369244,71.94610416772775,15.758304737833118
2024-06-01,129.25729581713676,61.264206239487976,13.57511549074146
2023-07-09,103.70957486517727,82.53301241993904,4.260629160207163
2023-12-13,80.6181463394314,82.3714037660975,1.0654926975062349
2024-02-12,137.43298897333443,58.12467192183249,10.073476101704253
2023-11-15,105.02505061775446,66.96273263916373,4.605252609758029
2024-03-12,99.76402154937387,56.16483293334022,6.956120572570782
2023-09-02,86.78642709553242,59.9216150471475,12.251085302234
2024-09-15,81.12068419530988,51.39441049681045,7.912527920897495
2024-02-27,124.1379904653877,42.24896217207424,3.8162013330715867
2024-05-09,56.6889158654958,42.97895241668448,3.2149125657913835
2024-04-05,85.0093571357429,44.409095561131835,9.445497079892863
2024-09-01,128.38053309358656,73.34760144888423,9.559694100347608
2024-08-05,114.4192989077419,61.23080422542989,4.862283551294198
2023-06-20,113.23480962216854,76.88410708960146,9.570580322407992
2024-05-25,83.62532464042306,65.85049501387402,1.9814415697708956
2023-12-12,101.8120009880513,49.66241875826381,18.19866489992947
2024-05-14,65.07743834517896,66.97150011919439,-1.0302713783481394
2023-11-11,122.07397695630789,78.62701105885208,17.353100171879873
2023-07-22,131.04390629939735,74.56716780131683,8.24542132908327
2024-05-29,70.96043772995472,62.667806192301214,7.5067398780068935
2023-06-22,120.81482060812414,59.34415922337212,-0.473855536188335
2023-11-24,105.47994054667652,68.82963279774413,12.178359692701136
2023-07-12,137.27493733167648,78.39727909280919,15.24268491314429
2024-04-10,66.9645789898932,78.57267531636171,1.3765933175594673
2023-08-23,99.28573612496257,49.314012052025646,11.728227241275581
2023-06-11,129.83732034265995,52.55759941530414,15.472511599775695
2023-09-29,129.53413418494165,46.6509786946699,17.799894571638788
2024-08-12,55.08460060507059,74.68351730355062,2.3424828618788176
2024-06-26,138.87829302623868,46.49107804032974,1.4186982386430813
2024-03-28,96.1397294420749,75.99193948484026,6.178522580888107
2023-08-24,87.24698842689395,73.61289817397483,8.452938642767455
2024-05-30,89.7448364701122,80.69126558536664,2.2843556729544634
2023-12-11,61.177472203969955,61.14526133635081,3.116173868240545
2023-09-15,67.23921049758792,80.53408154775389,14.169799040143106
2023-08-16,88.67665157467127,74.1925006385427,6.501711804467826
2024-08-03,83.07967108674347,77.85892287548631,13.306171629994564
2023-12-15,89.54265588335693,58.172968790866435,4.510083627903635
2024-02-04,79.75661727972329,46.08766559208743,13.061315047846161
2023-12-17,102.30468729697168,53.35541823762469,7.986858599744469
2024-08-01,66.71692525036633,71.61110409582034,6.813248941527098
2023-11-07,137.17901924438775,56.608512356178835,-3.68998812017532
2024-02-05,56.86906303092837,57.691187219461426,-1.031742915920951
2024-03-18,85.74988136067986,43.31071468582377,11.765048220619162
2024-08-02,137.71015004441142,63.379256763961166,-0.26888380537124235
2024-07-02,109.79762138426304,46.964194322237745,1.1038038464912194
2023-06-16,58.39111006073654,78.29255123645999,8.480594241943548
2024-09-13,89.07524170726538,45.06049825926311,12.992756938680087
2024-06-15,90.47965179756284,74.15334581770003,5.737413822435755
2023-07-03,97.71791145391762,77.01942440541461,12.479943320482805
2023-07-10,92.56479214690626,43.52430499601178,-0.0559328703305626
2024-07-28,107.84700174815953,53.28088388941251,13.51901648658595
2023-06-10,65.31805793195963,68.32486791186966,12.077844878743564
2024-09-15,132.8992832712829,74.18821274093352,4.300563606378232
2023-12-17,103.11100817844272,58.40257118828595,9.338525201294955
2024-09-08,101.24869050458074,80.347395518329,14.73230295721137
2023-10-03,63.28083078190684,58.011195801664144,1.4836452786511831
2024-02-20,120.05849324539304,59.382331592729315,2.146524454741554
2024-02-18,95.09651130996644,53.743289744248614,7.680893467631892
2024-06-25,121.81326449103653,67.08168474957347,4.968008543291466
2023-12-03,57.050336277112365,64.91132228379138,6.015449401547339
2023-07-31,125.14633076637983,43.63865253748372,11.364906900290885
2024-02-07,76.70794337429106,72.55655982065946,8.81108018915734
2024-08-31,77.89083647727966,50.46598424925469,16.649428445180313
2023-10-30,109.6034972332418,68.91633456852287,1.355719738176302
2024-04-14,136.43445772491395,63.41900152154267,10.61700387087176
2023-07-24,53.61586399190128,67.9708999786526,7.648452432971784
2024-07-11,83.94235513731837,67.32008848688565,1.6761029757552501
2023-06-26,89.8760237917304,53.680717444745824,-2.6761173815170896
2024-01-21,93.29315814189613,51.17609612015076,11.476921718047059
2024-03-15,115.62894698046148,64.09979356802069,7.002414242422853
2023-12-02,133.94662907533348,82.85125106782652,-0.24897496740988423
2024-02-08,108.18574165180326,55.4855780119542,9.25658016211948
2024-07-17,132.39199649356306,55.256779621588066,6.9125436468971735
2023-09-23,119.64496600814164,43.448264232371,17.08647621084107
2023-06-10,65.13153617829084,63.55008595366962,1.9460718731825661
2024-04-04,66.48642926476896,66.46908351546153,12.544109398997886
2023-07-24,69.83547244593501,72.42555302660912,3.653669559795983
2023-12-22,91.12029237300158,81.06632231315598,-1.2534937200846965
2024-05-28,60.67529856227338,62.07447075191885,14.56690656608949
2024-02-22,72.69264009222388,45.41478116461076,-6.17531750989561
2023-06-25,103.34908379800618,52.657047958811745,9.133247069582714
2023-07-22,88.21488769724965,77.86871164990589,10.806446216457116
2024-03-08,102.76095349900424,76.93442459148355,9.928527262812333
2024-06-25,126.00690132565796,76.5590912476182,3.877002612752242
2024-07-13,109.50601611472666,80.82305065984838,1.9678139691432914
2024-01-01,87.45189015008509,68.75994702521712,10.379464333854084
2024-05-11,115.44302721694112,62.014378174208105,8.135289405576346
2023-11-07,62.57651843316853,49.69802472763695,0.6577322801908778
2024-09-10,77.0788006130606,71.23435549181886,1.671085065938576
2024-07-12,105.26029007509351,45.48786879843101,1.0820891098469474
2023-07-27,67.09626358188689,60.90917562972754,-3.9130621322094363
2024-08-30,128.10186101309955,80.37219957122579,13.823200436284413
2023-09-13,127.6010458804667,76.6570403825026,6.661617794641039
2024-05-22,95.05403950251639,71.36365539371036,5.216412125313953
2024-03-05,121.0849067736417,47.07606028043665,16.357184784702557
2024-02-25,78.99520708434284,66.38792591285892,11.164364030337136
2024-05-31,58.77527384087443,82.58396485866979,16.84114174112237
2023-10-12,91.76691498607397,67.2317480018828,21.174493691580835
2024-05-12,93.66469949111342,53.196184346685186,4.669160581045743
2023-10-07,83.00222457572818,44.61198057048023,8.776118905651542
2024-01-04,69.29234804585576,44.96443429868668,23.497581641506976
2023-09-14,97.61579996347427,77.81395977572538,12.912568236143917
2024-06-03,54.688810696825385,56.875824864720926,20.618446395725872
2023-12-03,121.08437147550285,80.77050811541267,11.071920291339516
2024-05-02,102.25052697211504,64.89107653964311,9.496567639109971
2024-03-11,109.4487122502178,63.01910718646832,15.895362540504266
2023-06-26,94.22202644124627,80.85863820533268,13.878182693897756
2023-06-27,77.57169533707201,46.5018654181622,6.244118063930303
2024-09-11,93.58705819025636,75.57520957197994,7.490429544954448
2023-06-07,122.76097407191992,57.47102637775242,5.081969627992613
2024-08-17,104.5297707170248,64.8222829606384,15.448224421026495
2024-01-31,87.73879075422883,54.868718654382974,4.3132121462284125
2023-11-01,124.38888676837087,45.37605809280649,8.506650846308752
2023-07-11,81.03355226293206,73.97743923333474,-0.02362933817716506
2023-12-29,104.16736576333642,49.92262386507355,15.747595515181885
2024-06-24,93.08302829787135,68.87900417088531,15.347135675983733
2024-01-08,76.65470358356833,59.841029186500236,1.7075716860751289
2023-11-06,101.85559402033687,50.08308138861321,0.3986548269520931
2024-05-14,73.34831782057881,82.78107731044292,12.080388126226335
2023-10-23,100.8044950235635,60.31645752326585,6.3877320513834395
2024-08-21,92.38617242313921,43.288493232568726,7.023869645232471
2024-07-25,64.46535604633391,80.41767888353206,11.713259841461067
2023-07-27,107.71188648231328,77.71034212573431,13.656646868408714
2023-10-26,101.22349692694843,66.65109761897475,2.070772579045914
2023-11-10,66.13349080644548,54.259633710142225,-5.553278829356493
2024-09-15,102.24003649316728,75.18319728202187,12.465630768241901
2024-01-24,90.56593072786927,81.03783778776415,-0.1300911838497658
2023-11-08,92.40024865791202,76.9342128217686,7.931682957896994
2023-08-05,126.32993990182877,47.219699170440435,0.39636769288870966
2023-06-04,116.32368088141084,81.72417634120211,8.288292406450086
2024-04-25,93.20603448711336,64.84114135731943,6.600885419056447
2024-01-11,98.8712551407516,42.2199423420243,15.996260713016405
2024-06-23,74.33622282929718,47.56632070685737,6.920527509043683
2023-09-25,59.67575345188379,42.23973116418347,4.153269085322239
2023-06-25,87.43396802991629,75.49183654924855,5.589249988359297
2023-10-14,54.153523007407784,74.06870710244402,6.176748526737571
2023-07-25,129.33995323814452,80.17371771857142,4.0221111387057835
2024-01-03,140.35017928481102,57.11628517578356,8.633507916005778
2023-08-24,115.37927416339517,81.95264984108508,5.39240925934889
2023-07-15,125.75096314772964,75.77349095745012,6.032692425123142
2023-10-24,131.4868717174977,74.28540339390747,14.0687627176206
2023-11-17,100.46814447641373,67.53585922135971,-1.5646966422223194
2024-07-19,101.86759608238935,81.66155208251439,4.521295392075199
2023-10-12,77.3267097696662,62.496658116579056,11.219374544282731
2023-12-16,111.00941747240722,78.64151958492585,19.53615310598009
2024-08-18,74.42230133526027,58.44277312560007,8.77165008895392
2024-05-26,78.36742601916194,60.34920599521138,-6.610050401291092
2023-11-23,115.98872435092926,80.3669423670508,15.464025167654514
2024-07-05,117.02295971475542,70.01662009209394,6.985325286339898
2024-01-31,68.22778740525246,42.74468833627179,6.9797618558215975
2024-08-02,79.95539077557623,48.78659542440437,5.996770084213048
2024-09-18,85.55184035003185,62.32921445486136,9.872068288540136
2024-08-20,59.83949678018689,59.48794434941374,14.921624754447205
2024-04-04,115.75721661373973,82.67417794582434,8.363154668881398
2023-09-12,101.48120015859604,78.44695508060977,-1.1966914265874706
2024-04-04,64.95615487918258,56.17597022186965,9.119202982969615
2024-04-14,138.7264050785452,70.93960912548937,15.532118944327161
2023-12-16,102.45275798253715,79.25771216955036,17.16685878348768
2024-09-10,122.38002558425069,69.72800837480463,5.776618877556217
2023-12-27,127.7044394146651,68.20311112236232,13.162400522996062
2024-05-14,130.2676761765033,48.13378560892306,0.7591751561327849
2024-07-05,123.44192090071738,66.6461409914773,21.088085674973346
2024-01-11,109.33306680992246,53.182800670620054,10.838788593332097
2024-02-13,108.34564294666052,60.771988212829456,5.7755725561999505
2023-11-24,76.88399241305888,51.11237682378851,14.555344057353201
2024-06-20,55.63470463640988,52.4517821916379,5.4619754176748145
2023-10-19,89.94805091619492,68.80119681404904,2.777165667271956
2023-06-24,84.27825105190277,61.351719606434926,5.6311908027986926
2024-08-06,87.52515034936368,48.59948446182534,8.474608872250725
2024-08-24,68.1304412484169,53.15529371867888,12.859619622987719
2024-09-08,81.12850650213659,71.23119981377386,5.508318878512863
2023-10-08,89.3928456529975,67.14749973942526,7.689897912836543
2023-11-12,119.82154130935669,47.41700061503798,13.701601920962052
2023-12-08,76.92633804865181,44.87029738142155,6.071501194743882
2023-08-15,63.1712562199682,81.61686553200707,11.1230332015807
2024-06-11,55.58162211999297,57.09908139705658,10.646421481088858
2024-02-24,124.00326621346176,69.7756174695678,3.6740423056422253
2023-11-17,95.25112641789019,76.68402094580233,2.4387712593558684
2024-08-18,123.94981874525547,51.907665797974914,3.8438899821873687
2023-12-15,59.95249998755753,43.44119063322432,-3.2429175858345047
2024-05-27,63.14969203993678,66.40484970575199,6.060920018206854
2024-01-20,64.38863347657025,76.28383624833077,16.40656159552804
2024-07-26,118.00987169891596,56.85221762000583,11.468293009372175
2024-06-02,119.62467094324529,55.61972986883484,2.6083245990223825
2023-08-03,140.3360671531409,68.43418955965899,4.885578924216273
2023-08-19,107.96066288091242,81.30322060873732,11.889219503759767
2024-09-25,78.40472955442965,66.44434876693413,16.528414710233235
2023-07-06,70.59223614446819,62.92148073692806,5.641713907129317
2024-09-17,123.48077068664134,48.36582957254723,-0.22112348604001308
2024-09-17,117.04311850667,76.67989122634754,1.2443554473199123
2024-03-17,72.10022177360952,50.78959745098837,13.789720658275948
2024-02-08,118.49298847280443,69.46480303793214,3.762497509904519
2024-05-08,129.26552632823586,67.32801450113766,17.752430409479828
2024-04-18,99.58770656213164,44.04999085678719,10.551050437390495
2024-09-21,105.68019212596118,80.92534979898483,9.1590595807098
2023-07-18,135.51164524443448,65.88463329616934,15.887491352976621
2024-08-23,136.66372065618634,77.2991278192494,-2.7473258459344976
2023-09-19,111.12684251368046,63.257157223299146,13.789346379911505
2024-03-05,59.36121912114322,52.911226821597666,17.489655903047904
2024-08-24,125.71717892214656,66.49248420260847,1.7892180700713851
2024-06-27,95.1998788639903,74.61861945106648,5.822676852038891
2024-04-12,87.42813294008374,70.2607275408227,9.905439454905903
2024-03-21,79.32280425913632,61.70589742879383,-0.9013423690716991
2024-01-08,74.4991259612143,61.10310493945144,8.40996645214645
2024-03-13,90.11929159425199,67.35490574198775,4.063814835398921
2024-01-08,135.52377556823194,60.42009108653292,9.478719068539208
2023-08-12,76.27469025924802,66.7110088407062,5.919662897624185
2024-03-18,103.03405035287142,42.18896793783642,11.207669348892447
2024-01-12,70.79224195703864,82.79477501357906,6.522624149214669
2024-03-04,69.96689516678452,58.66496038506739,4.450055605443613
2024-06-12,116.23783357441425,46.836017122492194,9.488409098274321
2023-11-19,80.58957480639219,77.65110290818848,10.946266389781329
2024-03-23,65.17833120562136,64.14791121939197,10.699885983083835
2024-05-13,58.10670140199363,78.14550438523293,8.990255533145564
2023-09-01,134.9367684200406,43.539133400889114,3.1919472515869405
2023-10-03,103.01374506391585,78.13879244797863,-0.46255366101327233
2024-03-25,63.36379172839224,71.6163364611566,17.071996422637554
2023-07-09,102.70191437192261,73.56222216039896,10.09672755904086
2024-01-23,100.54254409484565,77.40734206722118,0.963005228549835
2023-11-12,125.13206162676215,62.530426231445745,-0.4079132136941439
2023-09-15,114.8621963430196,79.96042499714531,5.450430926872572
2023-07-03,102.96185687743127,50.531061481684446,5.714668417261381
2023-08-22,116.47521543316543,43.11132934666239,8.031075851780992
2024-06-30,119.2150907870382,54.947515956358984,14.043867660049276
2024-05-19,86.56518851406872,69.06460223626345,-1.6587184254744844
2024-03-03,78.3449047524482,54.90234333020635,16.615739520935037
2023-12-26,99.78813279047608,80.72291690041311,10.212512521826719
2023-08-15,75.8488542791456,73.9377937738318,7.024563355484613
2023-09-02,126.19754796475172,55.91668109735474,9.333415710934187
2024-03-17,88.67202185839415,61.747496851487085,2.3611849349409146
2023-06-30,59.39160945080221,59.055786749348044,14.123547869323753
2024-01-03,136.930758966133,73.82968987827189,12.18103591573405
2024-08-07,72.11217289976776,61.90250724251382,-0.9255128904363978
2023-11-22,88.69502347148955,42.62726327031851,2.210623529119907
2024-06-08,108.0588117595762,68.34050310170278,6.465638874313798
2024-04-18,108.2996227350086,51.62802937836386,2.1760330090256117
2023-09-23,81.88500244915485,72.62806120538153,-2.435612845708647
2024-06-11,65.2240352910012,54.11990235513076,3.673172839271559
2024-05-03,133.4898309968412,79.15494585596025,5.760853039218061
2023-09-04,105.72220512107015,76.98628473607823,-1.0277698997111795
2024-09-07,118.96542444452643,60.940514855552465,6.768029415561266
2024-05-23,133.86801757477224,44.925278179580346,1.0753243750289538
2023-11-17,99.5313548464328,65.68995270226151,-3.82652366360195
2024-07-28,85.7341296505183,65.76275269431062,3.0406738071595747
2024-07-30,58.79113225825131,82.73664785432629,2.246116706558941
2023-09-04,128.1845532860607,55.746250990079716,16.545593430924534
2023-06-26,97.91619452275336,69.33887274120934,4.5253218210017865
2024-07-01,71.47982915863395,80.48079608147964,9.990930472388898
2024-07-08,86.07422242872417,65.56913023302332,5.091640954123401
2024-01-16,71.24816398322582,70.36016797018237,4.059547098816251
2023-10-26,93.41319191642106,45.68010206986219,0.9372147355053801
2024-09-19,74.25219800695777,77.5248290298041,-1.4855071503612756
2024-09-10,63.44474836997688,62.54671526886523,10.30845737245875
2024-05-15,59.37728517502546,51.1535076496657,16.958705893978205
2024-07-29,113.80710678733885,58.909188906429335,9.431469095265596
2024-06-26,78.2522704936564,78.3385574624408,9.961809223933425
2024-07-27,66.1482996083796,62.31933092628606,7.435018459470551
2023-12-19,138.57401680760086,69.58290283824317,13.268722007014926
2023-08-20,89.12526634894311,53.58268195623532,10.087393207368724
2024-08-20,88.35961917228997,75.49939042003825,-2.663201836154533
2024-05-03,110.07295867986977,52.09007763792761,-3.5643562355482405
2024-01-18,133.63490509055555,57.15549395093694,6.356978352342511
2024-01-29,72.0662682261318,51.65650019561872,1.323960622374047
2023-09-14,101.22390072606504,80.36603396432474,11.041866235025875
2024-06-09,116.36444029211998,59.018149961484596,4.866305705951385
2023-06-11,87.95764846168458,47.63542562094517,13.478085292580037
2023-09-21,61.272122548893094,79.48895364394411,17.550551404108
2024-05-29,108.87088364362717,56.25329641927965,17.406073691235733
2024-06-20,53.21813530288637,76.97016590484418,6.319036911715132
2024-07-07,71.52604510262609,47.848042328841984,2.673262221204234
2024-09-03,112.75400723516941,56.73674771049991,6.6713567935596005
2023-10-19,129.22464347071946,52.06570776831359,-0.801193589415373
2023-07-01,123.37334616854787,43.88214380736463,15.019838890054583
2024-07-18,64.87968305498362,74.16646398929879,-3.7126499115539637
2023-09-23,87.09984667599201,50.166041114833206,0.2479931177636434
2024-03-04,122.38552975468338,58.06586001440883,10.988493949329083
2023-09-02,113.97640266083181,55.266052030725405,9.56213473392842
2023-12-19,105.29602148197591,66.68634210783057,12.712026227312064
2023-06-16,63.89947332069278,64.19213886233047,1.8225532046614532
2023-12-14,101.84687304124236,82.62377304024994,-2.153851720119043
2024-07-24,92.5482021253556,52.405433014035225,13.505290385352527
2023-11-25,120.42265452444553,72.14606562093832,10.952337064456692
2024-07-21,55.2965995054692,82.08193460293114,20.94296158858835
2024-09-06,70.17508600465953,64.87989591201767,1.0662288482450535
2024-07-16,130.54864170402288,58.10103454021737,-3.517995205632104
2023-11-24,62.662540225312114,75.81225963076577,12.36673681444983
2023-06-12,138.2324816584587,46.6077628955245,17.271499329232253
2024-08-10,86.89747617579997,63.96689406782389,6.483967442475006
2024-07-16,128.5560438428074,60.19709498016164,12.651150863799709
2023-08-05,131.08985840529203,53.232245720224455,4.850419326974341
2023-07-20,96.04005187191069,48.45165896741673,14.015150205206277
2023-12-21,116.19207918830216,77.74536102218553,9.73307266961563
2023-11-22,95.83009038679302,65.04383911122568,10.523790208835031
2024-08-08,140.00637976266444,64.5782800889574,-0.37422382590634484
2024-06-07,58.69809940457344,66.28697671019472,3.2790518113139555
2023-10-12,66.87432445771992,71.84032737161033,4.072623861192684
2024-09-06,122.11067841947079,68.19593666912988,5.975942122685716
2024-06-18,100.71256950311363,67.19245675834827,-0.8951797946859639
2023-09-30,89.65616638027132,44.149090873776004,11.282309352663454
2024-07-03,140.9016731120646,65.17146787093952,2.0498223472588624
2024-07-07,75.49923429638147,66.08099659252912,9.24839605580757
2024-04-10,97.69305906072259,67.77125008008443,-2.1822482312515366
2024-02-14,59.949463626369834,67.4975164453499,2.0297727003622574
2024-05-18,124.60281606949866,45.37307172361761,20.064193017595848
2024-02-03,86.6317660920322,45.18334709852934,10.864722519908394
2024-03-15,123.5920782983303,70.17088228231296,7.887179252678354
2023-07-18,70.41728003509343,76.04244728735648,0.6518538078342182
2024-04-26,136.2831797786057,47.982304881792516,3.3772772667009807
2023-09-08,83.41917773336172,74.12473296467215,1.623849483010944
2023-09-16,98.94042176194489,61.94445324433036,10.263113679849985
2024-03-27,62.8285445664078,82.5598693236243,19.764091564680843
2023-06-10,130.96578690595925,62.463303135940805,16.921254032259398
2023-11-17,136.97443764284253,65.05268193827942,8.527141324348111
2024-03-06,56.55350715480745,57.508537844987586,5.039485684040612
2024-05-13,96.43822460062802,63.26412509032525,15.992280881651318
2024-09-29,72.89360602386296,45.04563547903672,14.79929805316703
2024-07-06,128.57442985661328,64.07736611086875,6.346340586843224
2023-12-26,99.72234457544982,81.40350103378296,18.24832516653289
2024-09-10,53.408157270401716,63.640215722844005,10.311907561006294
2024-04-10,77.42528705485165,59.92353752744384,2.7909831762956605
2023-10-15,81.61787658929825,43.32294685929082,1.5749299315859373
2024-04-04,104.80615234188735,43.54710140824318,3.2406392008065747
2024-06-29,74.97225366532803,43.94128005160019,10.15530723980588
2023-09-16,56.79432071186602,48.599320460576564,4.906785952484787
2023-06-08,62.73973330669105,61.23299312661402,4.524706267095878
2023-09-22,114.93033545650542,75.04288296843879,0.5393731033363025
2024-02-16,135.63386901654303,53.50449816021137,16.080507709112485
2023-06-29,80.38287358731031,72.94614339340478,7.5218851544151715
2024-04-01,59.9073778539896,63.39485840895213,13.415850885499031
2024-04-21,81.31348003819585,53.84683492057957,3.2978176071836494
2023-08-13,107.99168724566698,42.71246526017785,0.950702705135333
2024-03-08,91.74128275737166,69.40233072382398,-0.4103740348379903
2023-08-12,123.51838645525277,44.74601455265656,10.251033175243794
2024-02-22,77.57697484456003,76.29184349952266,5.900866412963964
2024-06-09,103.22276101820171,47.54906938876957,3.0336680371416094
2024-02-17,56.707265060395,68.8910024468787,12.097271949082963
2024-01-10,69.7831360809505,76.35585688124411,7.667108540929061
2023-12-21,116.9836094211787,52.5635678388644,2.1814283054315116
2023-12-28,125.7487244270742,47.575806689914316,-3.092885596913421
2024-01-05,97.94345463067293,73.3030249834992,13.08286133490581
2023-12-01,102.95990258641541,50.69184556626715,-5.352734559418746
2024-05-17,53.10171213746071,52.986753568286076,-0.6285722180569593
2023-11-02,65.65247307904065,63.80507898051292,13.369100852882422
2024-09-20,129.20510330609977,61.43879156373441,13.792711023721912
2023-09-27,60.26537332870066,57.31119026429951,5.020101625277061
2024-08-25,74.52222002111375,73.78934706980363,9.638249784932821
2024-05-09,139.37579785846174,64.88636277336627,4.54394967024073
2024-07-16,103.82715259119868,48.36470146733336,11.722316574160715
2023-08-06,74.88792007230222,82.5661563850008,10.437528668516594
2023-09-18,107.11594793200493,52.02230364456773,15.425911692306112
2024-07-28,55.794644225388765,47.34551900019869,11.85626550185684
2023-10-12,65.88527189567685,50.71992655121721,7.840140749049569
2023-07-06,114.87042171135545,57.58017418230884,2.6083104335850775
2023-07-25,58.76934234984219,56.74446792132221,8.13863109484002
2024-01-26,107.71902148239315,54.40914400713518,4.915621285620933
2024-06-13,135.48480815440416,43.82038825890049,6.346037982570564
2023-09-28,60.73472610116005,80.32611746364273,9.42909348974731
2024-05-15,138.60670882090926,65.31739822495729,9.121792548325418
2024-03-30,55.28894252516329,51.052912548417225,-2.7609026131422745
2023-06-10,116.82005977630615,77.9964081866201,9.436552848540332
2023-10-31,92.92616246268153,61.15884105977602,5.9345971719529595
2024-07-26,102.82405163906515,64.23634240147658,5.641851002675296
2023-09-08,129.80033207312226,74.16032513044775,-7.174800574042196
2023-09-13,101.80155980587006,68.5626811683178,-1.1821914475096662
2024-03-07,117.91339423879981,47.94061902910471,8.804266806331547
2024-06-22,107.83536625653505,55.187132462859154,10.89343390960898
2024-09-05,80.37049970962107,80.99327888712287,10.197816317775459
2023-11-27,87.51329064555466,49.7161381309852,8.574223471294212
2024-03-04,70.78369607776403,72.7665741876699,5.149287953307769
2024-06-07,128.04467428475618,60.82549748639576,7.977097353495847
2024-01-27,106.40105327218771,47.79596700659022,7.655325021962937
2023-06-24,119.53662521764636,50.41291611804627,8.930064235432186
2023-11-14,102.50147916935384,69.68703348375857,9.444149434372786
2023-07-17,77.27911312691867,47.65923863090575,8.516097219247413
2024-08-17,117.72913952171803,59.03729173284955,15.948790578529987
2023-12-08,101.33662186004221,60.501128303818405,13.559508077604947
2023-07-07,83.45917986705899,67.54080935753882,9.032356860822574
2023-11-21,98.3169758617878,52.29814619407989,11.490539333202015
2023-07-24,124.78757938742638,61.03029201249592,-8.034829630423333
2024-03-29,99.31198609992862,48.78587839147076,6.036498427134268
2023-12-24,70.86752438917756,77.17006459273398,0.8642261690836275
2024-07-04,127.63347587920725,48.418627789011225,15.184424213932338
2023-06-19,85.60349092446268,45.62159698223695,7.596669900410241
2023-12-17,79.69261503778398,78.63012864813209,3.458217083522446
2023-11-06,120.81254013068974,54.325440843589604,10.003037597461468
2024-06-12,117.54347283951938,72.83555351383984,18.394095081467924
2023-07-07,126.82372784800828,58.46587256784551,4.0892619927581695
2023-09-11,103.0762981325388,60.390882349573076,5.040753535216559
2024-01-30,55.31271377019584,48.54663318837993,4.425388672882694
2023-07-18,95.77919608540833,47.92514990246855,4.066545133837069
2023-12-05,100.75593088567257,48.11639607348479,12.916965507713403
2024-08-19,126.62609028816223,63.091804653871804,3.011928370626525
2024-09-06,117.1224793549627,62.205919557018206,7.019405936764758
2024-06-27,101.85001500323415,67.27005351008847,1.1683108897686179
2023-10-17,59.46046697348356,60.34433851833455,9.132218626403391
2024-03-25,65.01220233179629,44.28274532384239,6.328309202023329
2024-06-05,113.24556527100503,42.22124869120307,-0.20159575988792966
2023-11-05,61.76673038676381,51.095202246448025,3.648954301390993
2023-12-06,70.93315965309739,76.8894921822939,1.676020541993271
2024-08-31,85.20625217072666,52.961194450967014,-0.2540771379111355
2024-04-06,127.46522667072713,66.54261120338924,2.3237758911298645
2023-12-06,73.8447884041816,66.95258758682758,-5.471194705987269
2024-07-22,115.02925085276365,82.67849605670199,15.70846184230783
2023-07-27,62.46957710944116,49.838788393186405,4.518960942080227
2024-06-16,121.55806043744087,72.88901396887377,8.438246801811284
2023-07-08,75.4493001345545,51.937880822923034,7.754585667336738
2023-08-23,101.22781268879771,55.42554102092981,9.298973010637846
2024-04-14,55.98333382792771,42.144955281633884,7.630691477404421
2023-11-21,123.93763389997184,82.8943898875732,12.022535937852792
2024-04-29,82.72224703244865,59.9604396794457,13.903581707782081
2024-04-21,133.63315550610423,82.90523854154162,3.483622080255916
2024-07-06,84.4253647737205,50.065485935192555,-1.4909601987532408
2023-10-08,138.83212115429342,46.57054862566292,8.96201255395915
2023-09-28,86.82530999183655,52.28019447228871,6.782387137566272
2023-12-17,96.00327109545469,69.89954072702676,2.654382666013402
2024-04-26,96.18830835260451,65.6674261665903,8.047908163702175
2023-06-21,54.0784069262445,59.07023914461024,13.054565573721478
2024-08-14,109.44964165613055,71.89643098646775,7.822742612265742
2023-12-16,98.10659750550985,65.54177905363031,0.1525866295980043
2023-08-26,81.19098640419543,65.68304110923782,9.406141386742892
2023-08-11,104.16611787490547,66.18996422481723,0.6273121158846529
2024-04-10,107.32630793005228,51.140061943326145,9.143615051599527
2023-12-19,91.5681593157351,46.24318424379453,8.72094701221182
2023-11-12,67.99247029423714,72.1967471044045,16.574173975964904
2023-08-20,115.92708370275795,67.1085540058557,6.358756392256722
2023-07-25,118.80521628446877,80.99970678146929,11.903892054638828
2023-10-12,127.26449431478977,81.35491048987024,12.812632119249626
2024-07-28,100.05879613384604,72.53827805351466,6.247735816911874
2024-01-30,79.59670301526785,59.82803597277962,-1.3158020069719996
2023-06-06,93.17360002174973,49.165780630661175,7.28796238431285
2023-10-06,86.82214303314686,59.84681082237512,9.299408685808057
2024-06-01,74.91612321138382,73.2607856981922,9.849822698424846
2023-11-03,110.6071535423398,79.68020175280981,8.544179603325937
2024-03-14,137.06848575174809,79.17460089968517,6.228253268088924
2023-07-19,78.61530024185777,75.43602598877624,14.043617897267044
2024-01-13,110.21663961745799,50.189870649017394,7.318571297237342
2024-09-18,100.19967391714454,44.034648998174816,6.9551561384633835
2024-01-25,105.57576426118612,61.63688955036923,10.243533041182271
2024-05-05,55.19104771129787,66.2061281229835,9.855626471954528
2023-12-10,53.426073079928756,45.96142966882326,18.058262339721107
2023-12-14,64.56128638610244,80.98649963107891,15.263974168967408
2024-09-01,55.18390513025224,48.67246868321672,13.395525729929727
2024-03-29,61.10739176906645,79.78175676730461,9.073208715257651
2023-10-26,94.84912372380495,47.2387779855635,3.6947901866635364
2024-06-20,70.30579498782754,69.1723232108634,0.9717228684995076
2023-12-07,124.69130747392774,74.14571902458556,1.9019032731850771
2023-09-20,74.47721207328141,73.34913963358849,2.321124898735568
2023-12-08,96.01507213898003,69.57538273185492,10.514293224648682
2024-08-19,110.1016582082957,46.742301997728646,4.111229727084643
2023-09-27,66.96704936027527,76.90336098894477,6.441051004862184
2023-09-23,126.65405616350472,67.33642538823187,15.428419061296527
2023-06-10,91.42049462161958,76.29287379584275,9.135408453072712
2023-09-23,73.54760620743036,48.96705721504986,7.5663372960529385
2023-07-29,79.29932729899883,42.4215300232172,2.816722361501051
2024-03-31,67.02907764166594,55.262258981587365,3.2933965044526117
2024-06-25,104.52990516647696,53.05699170427397,2.9438107982409196
2023-07-31,66.0924619846046,75.83571559912525,6.478440574270776
2024-07-26,68.75724125467241,80.28013121755794,3.5622849253151188
2023-09-16,82.85149243846536,47.23945082980208,8.445265405028971
2024-03-18,69.18337061814964,79.44684185576625,14.06048856131432
2024-06-07,88.68765395320952,66.81459185760468,9.306254585443432
2023-06-23,106.99324641562998,58.411691824672744,4.1490636728377
2023-09-23,113.33907742612064,69.29760744003579,1.0477447430361995
2024-07-22,125.47025281190872,73.4715703651309,8.704724234215135
2023-08-27,85.91042601317167,63.397723705507815,8.004121707271901
2023-10-10,136.85000840388238,58.174808201380074,1.9416078028033272
2024-08-11,54.65722999162972,81.59726017550565,9.82020426431021
2024-07-17,106.88899756409228,44.00840716599487,11.462507355619959
2023-12-03,93.79449121840298,48.2856391381938,5.843471816448523
2024-09-13,84.21620660461485,70.57040168647654,9.376932846963197
2024-02-06,130.65322653576732,71.83922080229968,3.3855028928078124
2023-12-20,59.67065154388547,46.44355603423901,21.10922674460521
2024-02-01,130.72962486557662,61.047310368623585,-2.652963148465247
2024-09-23,69.563521547243,68.32714698510244,11.027025083720984
2024-02-01,71.92587371915579,58.28154845233075,7.898447147751278
2024-08-13,129.51884165592492,82.60764053906314,-0.9279367437161099
2024-08-08,58.353748951107264,69.82706120563671,5.443214788699052
2023-11-25,73.67116486467421,54.92805675952695,3.22045789030461
2024-02-06,140.38536512851715,48.304539661621675,4.52273655838551
2023-07-18,112.68140004388988,54.35132116661407,3.470272466250268
2023-10-09,91.32283844426274,45.87513675563969,5.510703253713655
2023-07-03,86.2032748889178,43.101895781001076,8.527656691256748
2024-09-20,93.58419414237142,54.729815477039665,1.6236460733398985
2023-11-09,123.56296470575035,72.43999361339957,9.425964421138618
2024-04-17,111.34109382145107,81.36378070455976,2.028773070504549
2023-08-03,94.00832243822515,59.04790917178616,15.42519256797176
2023-11-15,57.686830412596464,63.411651697708294,6.63180868358654
2024-08-15,73.87341681495309,44.76830888050608,1.673972914636522
2024-03-02,73.52509690634906,67.8235140228644,5.915575204294646
2023-08-17,73.29751686751842,56.48996527539566,11.929862714095222
2023-10-31,58.43191210925579,59.41330073704012,9.494247691670381
2023-12-16,96.74643761478364,81.51452041906305,5.43548315131917
2024-07-28,74.4830078035593,69.92093796422705,17.73355648376316
2024-08-18,119.72032742574811,71.45701926178299,9.34019421782033
2024-09-25,101.16263562254608,48.99582038028166,6.097162837341227
2023-09-03,136.42988687381148,50.3479726545047,4.065744997804552
2024-07-10,60.583152927458286,77.93853818858042,14.628473444767017
2024-09-06,136.41366747952998,76.33842354849912,10.78926540724537
2024-06-13,116.5711003895849,71.54570874106139,-1.6333810933282198
2024-05-07,134.13640521466732,53.5235982153099,13.672063549753044
2024-01-07,107.01800304278731,50.6096267667599,12.235162221003478
2023-12-01,67.16505211777985,62.26016310369596,9.545625565400247
2023-11-08,69.09878091141582,63.39186513796449,-1.4662000992921946
2023-09-16,117.25615345872939,51.01310428092256,6.146738440242583
2024-08-21,104.87825724296272,73.28737479681149,5.653577853651038
2024-01-28,80.49844790995121,43.00530577544123,8.566002492376615
2023-11-28,121.0059071071446,71.17092375131324,-5.853980534814971
2024-07-19,82.59424179047346,76.47639156552032,13.348445714275929
2024-03-28,128.29954881221056,80.16366395517252,-1.9074833628242978
2024-08-29,104.08650742843747,69.14575753826648,5.7591909875842155
2023-06-24,89.58359332382679,53.06763099413365,0.9860251869944081
2024-04-11,135.06640510633588,50.947571873432025,4.576843732122468
2024-07-18,93.71749804913998,77.58054501749575,2.2033633142884126
2024-07-11,61.74247703328729,43.00743362004869,8.62111120993482
2024-01-15,93.95954396389425,76.85109570017084,6.518165692041419
2024-01-10,139.59937947057188,63.481256156926975,6.970166515281106
2024-02-28,134.42401220090687,59.8539707751479,11.31550475608974
